TMIN,TMAX,RMIN,RMAX,PHMIN,PHMAX
0.16994310049878364,0.18018242426425438,0.1813417901775839,0.21619470111774422,0.11953985961543992,0.13279812432619406
