TMIN,TMAX,RMIN,RMAX,PHMIN,PHMAX,PHOTO
0.1521283,0.15514924,0.18619506,0.17700794,0.15067475,0.17884475,0.0
